speed,accel_rms,vibration_rms,roughness_index,surface
30,0.12,0.15,1.0,Smooth
35,0.15,0.18,1.2,Smooth
40,0.18,0.2,1.4,Smooth
45,0.2,0.23,1.5,Smooth
50,0.22,0.25,1.7,Smooth
55,0.25,0.28,1.9,Smooth
60,0.27,0.3,2.0,Smooth
65,0.29,0.32,2.1,Smooth
40,0.3,0.35,2.4,Smooth
50,0.32,0.36,2.5,Smooth
35,0.55,0.65,4.8,Rough
40,0.6,0.7,5.1,Rough
45,0.65,0.75,5.4,Rough
50,0.7,0.82,5.8,Rough
55,0.75,0.88,6.2,Rough
60,0.8,0.92,6.5,Rough
65,0.85,1.0,6.9,Rough
70,0.9,1.05,7.2,Rough
45,0.58,0.68,5.0,Rough
55,0.68,0.8,5.7,Rough
